id,name,description,price
1,ProdcutName1,Lorem ipsum dolor sit amet consectetuer,12.5
2,ProdcutName2,Lorem ipsum dolor sit amet consectetuer,12.5
3,ProdcutName3,Lorem ipsum dolor sit amet consectetuer,12.5
4,ProdcutName4,Lorem ipsum dolor sit amet consectetuer,12.5
5,ProdcutName5,Lorem ipsum dolor sit amet consectetuer,12.5
6,ProdcutName6,Lorem ipsum dolor sit amet consectetuer,12.5
7,ProdcutName7,Lorem ipsum dolor sit amet consectetuer,12.5
8,ProdcutName8,Lorem ipsum dolor sit amet consectetuer,12.5
9,ProdcutName9,Lorem ipsum dolor sit amet consectetuer,12.5
10,ProdcutName10,Lorem ipsum dolor sit amet consectetuer,12.5
11,ProdcutName11,Lorem ipsum dolor sit amet consectetuer,12.5
12,ProdcutName12,Lorem ipsum dolor sit amet consectetuer,12.5
13,ProdcutName13,Lorem ipsum dolor sit amet consectetuer,12.5
14,ProdcutName14,Lorem ipsum dolor sit amet consectetuer,12.5
15,ProdcutName15,Lorem ipsum dolor sit amet consectetuer,12.5
16,ProdcutName16,Lorem ipsum dolor sit amet consectetuer,12.5
17,ProdcutName17,Lorem ipsum dolor sit amet consectetuer,12.5
18,ProdcutName18,Lorem ipsum dolor sit amet consectetuer,12.5
19,ProdcutName19,Lorem ipsum dolor sit amet consectetuer,12.5
20,ProdcutName20,Lorem ipsum dolor sit amet consectetuer,12.5
21,ProdcutName21,Lorem ipsum dolor sit amet consectetuer,12.5
22,ProdcutName22,Lorem ipsum dolor sit amet consectetuer,12.5
23,ProdcutName23,Lorem ipsum dolor sit amet consectetuer,12.5
24,ProdcutName24,Lorem ipsum dolor sit amet consectetuer,12.5
25,ProdcutName25,Lorem ipsum dolor sit amet consectetuer,12.5
26,ProdcutName26,Lorem ipsum dolor sit amet consectetuer,12.5
27,ProdcutName27,Lorem ipsum dolor sit amet consectetuer,12.5
28,ProdcutName28,Lorem ipsum dolor sit amet consectetuer,12.5
29,ProdcutName29,Lorem ipsum dolor sit amet consectetuer,12.5
30,ProdcutName30,Lorem ipsum dolor sit amet consectetuer,12.5
31,ProdcutName31,Lorem ipsum dolor sit amet consectetuer,12.5
32,ProdcutName32,Lorem ipsum dolor sit amet consectetuer,12.5
33,ProdcutName33,Lorem ipsum dolor sit amet consectetuer,12.5
34,ProdcutName34,Lorem ipsum dolor sit amet consectetuer,12.5
35,ProdcutName35,Lorem ipsum dolor sit amet consectetuer,12.5
36,ProdcutName36,Lorem ipsum dolor sit amet consectetuer,12.5
